"Data Source","World Development Indicators",

"Country Name","Country Code","Indicator Name","Indicator Code","1960","1961","1962","1963","1964","1965","1966","1967","1968","1969","1970","1971","1972","1973","1974","1975","1976","1977","1978","1979","1980","1981","1982","1983","1984","1985","1986","1987","1988","1989","1990","1991","1992","1993","1994","1995","1996","1997","1998","1999","2000","2001","2002","2003","2004","2005","2006","2007","2008","2009","2010","2011","2012","2013","2014",
"Aruba","ABW","Children out of school, primary, female","SE.PRM.UNER.FE","","","","","","","","","","","","","","","","","","","","","","","","","","","","","","","","","","","","","","","","52","83","134","233","324","317","151","99","77","55","96","","","","","",
"Andorra","AND","Children out of school, primary, female","SE.PRM.UNER.FE","","","","","","","","","","","","","","","","","","","","","","","","","","","","","","","","","","","","","","","","","","","","","","","","","","","","","","","",
"Afghanistan","AFG","Children out of school, primary, female","SE.PRM.UNER.FE","","","","","","","","","","","","","","","885810","","","","","","","","","","","","","","","","","","","1079362","","","","","","","","","","","","","","","","","","","","","",
"Angola","AGO","Children out of school, primary, female","SE.PRM.UNER.FE","","","","","","","","","","","","","","","","","","","","","","","235356","266826","","","","","","","","","","","","","","","404407","","","","","","","","","","309883","322515","376262","455536","","","",
"Albania","ALB","Children out of school, primary, female","SE.PRM.UNER.FE","","","","","","","","","","","","","","","","","","","","","","","","","","","","","","","","","","","","","","","","11020","9701","9024","","13074","","","","","","","","","","","",
"Arab World","ARB","Children out of school, primary, female","SE.PRM.UNER.FE","","","","","","","","","","","","6391451","6396066","6420527","6513925","6441236","6371989","6377301","6386550","6231143","6136969","6167707","6183021","6187847","6147021","","","","","","5858227","5884382","6714987","6684122","6064981","6478914","5753941","5670135","5462021","5148999","4942240","4640022","4431008","4239196","4145874","4278673","4107671","4097091","3886157","3760953","3494723","3617202","3365552","","",
"United Arab Emirates","ARE","Children out of school, primary, female","SE.PRM.UNER.FE","","","","","","","","","","","","","","","","","","","6031","","9125","12181","10716","14779","16215","17885","18883","12358","10994","7385","3562","","7374","9490","11100","9912","11876","15943","14822","20299","","","","14712","11500","8644","7870","4592","","12639","10774","10340","4362","","",
"Argentina","ARG","Children out of school, primary, female","SE.PRM.UNER.FE","","","","","","","","","","","67485","","","","50229","54641","","","","","","","","","","","","","","","","84222","","","","","","","","18780","","","","19867","","","","","","","","","","","",
"Armenia","ARM","Children out of school, primary, female","SE.PRM.UNER.FE","","","","","","","","","","","","","","","","","","","","","","","","","","","","","","","","","","","","","","","","","","","8911","9092","","5223","3183","1177","","","","","","","",
"American Samoa","ASM","Children out of school, primary, female","SE.PRM.UNER.FE","","","","","","","","","","","","","","","","","","","","","","","","","","","","","","","","","","","","","","","","","","","","","","","","","","","","","","","",
"Antigua and Barbuda","ATG","Children out of school, primary, female","SE.PRM.UNER.FE","","","","","","","","","","","","","","","","","","","","","","","","","","","","","","","","","","","","","","","","","","","","","","","","472","392","494","754","773","860","","",
"Australia","AUS","Children out of school, primary, female","SE.PRM.UNER.FE","","","","","","","","","","","","27277","","35577","40277","22608","16717","","","","","5097","12809","21138","33051","29740","23288","18349","13121","12454","16327","20724","22327","25516","27915","46123","43890","48732","48793","51584","51449","52594","48128","49108","47842","46429","45446","31762","29529","27806","27709","29573","26629","","",
"Austria","AUT","Children out of school, primary, female","SE.PRM.UNER.FE","","","","","","","","","","","","","","","","","","","","","","","","","","","","","","10186","","","","","","","","","","","","","","","","","","","","","","","","","",
"Azerbaijan","AZE","Children out of school, primary, female","SE.PRM.UNER.FE","","","","","","","","","","","","","","","","","","","","","","","","","","","","","","","","21053","18931","21784","50909","26974","8630","38204","43486","27548","42620","51837","53444","62179","52689","53963","53323","43150","40596","36907","38153","33050","27912","","",
"Burundi","BDI","Children out of school, primary, female","SE.PRM.UNER.FE","","","","","","","","","","","","","","250469","","","","","261074","","261552","258810","256545","245822","239154","233960","233800","226337","224966","","","","","284423","","","","","","","390686","348126","356311","335163","318003","298878","184989","139337","70296","76048","41263","","","77718","",
"Belgium","BEL","Children out of school, primary, female","SE.PRM.UNER.FE","","","","","","","","","","","","","","","","","","10418","","2149","172","4789","6301","17296","20002","21964","17962","13283","9438","","","10957","16601","10947","13323","13325","11465","","","3430","2536","3006","2761","5834","10547","10978","9235","4111","2600","2757","2724","2894","3469","","",
"Benin","BEN","Children out of school, primary, female","SE.PRM.UNER.FE","","","","","","","","","","","","","","","","","","","","","","","","","231992","237119","247549","","264586","271605","305551","","300351","296277","295829","293472","289462","280762","","","","","","","","","167934","","142178","99733","","92509","","","",
"Burkina Faso","BFA","Children out of school, primary, female","SE.PRM.UNER.FE","","","","","","","","","","","","393491","399425","","","","","442516","452711","462512","469950","475805","481336","488702","499720","507583","513775","524552","540387","556507","","579038","592707","603562","613007","618483","","","633771","644255","649035","654130","677057","673310","661244","636280","611606","568260","509440","482807","540522","484541","474376","466979","",
"Bangladesh","BGD","Children out of school, primary, female","SE.PRM.UNER.FE","","","","","","","","","","","3107908","","","2518125","","","2479875","2505713","2616383","","","2721191","","3176464","3061279","3255251","3384941","3533791","2657398","2694146","2446500","","","","","","","","","","","","","","","144088","29546","","377181","41604","125134","","","","",
"Bulgaria","BGR","Children out of school, primary, female","SE.PRM.UNER.FE","","","","","","","","","","","","","","","","","","","","","","","","","","","","","","","","","","","","","14500","11382","7368","5332","5362","4313","4759","4347","4721","8739","10462","5543","2483","334","323","2085","4297","","",
"Bahrain","BHR","Children out of school, primary, female","SE.PRM.UNER.FE","","","","","","","","","","","","5991","5338","5051","5136","4649","5244","5469","5764","5385","4773","4788","5232","4483","3447","2093","1012","1002","556","341","","","636","360","268","","","","","560","","","","","","","","","","","","","","","",
"Bahamas, The","BHS","Children out of school, primary, female","SE.PRM.UNER.FE","","","","","","","","","","","","","","","","","","","","","","","","","","","","","","","","","1938","1789","","","","","","1607","","","","","798","23","241","","50","159","","","","","",
"Bosnia and Herzegovina","BIH","Children out of school, primary, female","SE.PRM.UNER.FE","","","","","","","","","","","","","","","","","","","","","","","","","","","","","","","","","","","","","","","","","","","","","","","","","","","","","","","",
"Belarus","BLR","Children out of school, primary, female","SE.PRM.UNER.FE","","","","","","","","","","","","","","","","","","","","","","","","","","","","","","","","","","","","51223","","","","","","","","","","","","","","13992","14588","15361","9758","10616","",
"Belize","BLZ","Children out of school, primary, female","SE.PRM.UNER.FE","","","","","","","","","","","","","","","","","","","","","","","","","","","","","","","","","","","","","","","","79","180","286","","33","122","22","45","21","25","20","49","66","42","61","",
"Bermuda","BMU","Children out of school, primary, female","SE.PRM.UNER.FE","","","","","","","","","","","","","","","","","","","591","644","","","","","182","139","","","","","","","","","","","","","","","","","","","","","","","","","223","277","438","","",
"Bolivia","BOL","Children out of school, primary, female","SE.PRM.UNER.FE","","","","","","","","","","","","","","","","","","","","","","","","","","","","","","","","","","","","","","","34339","36725","41485","48317","44903","43355","","","36449","43920","64934","53809","74539","93826","119837","137241","",
"Brazil","BRA","Children out of school, primary, female","SE.PRM.UNER.FE","","","","","","","","","","","","","","","","","","","","","","","","","","","","","","","","","","","","","","","","","","","","","521415","214482","","","","","","","","","",
"Barbados","BRB","Children out of school, primary, female","SE.PRM.UNER.FE","","","","","","","","","","","","2721","2395","2025","","","","","","","","264","622","","","","","","","","350","","1242","","","","","","","234","229","305","440","493","647","541","327","263","219","361","294","331","","","",
"Brunei Darussalam","BRN","Children out of school, primary, female","SE.PRM.UNER.FE","","","","","","","","","","","","","","","","","","1327","1235","2459","2475","2862","3171","3119","3190","","3085","","","","","1611","1094","414","417","","","","","","","","","","","","","","693","539","587","645","1070","1079","",
"Bhutan","BTN","Children out of school, primary, female","SE.PRM.UNER.FE","","","","","","","","","","","","","","","","","","","25614","25859","","","","","","","","","","","","","","","","","","","26065","25469","23568","21484","","","","13760","11426","","8066","5613","4390","4072","3236","3839","",
"Botswana","BWA","Children out of school, primary, female","SE.PRM.UNER.FE","","","","","","","","","","","36439","39333","38954","38446","36019","31186","28012","24941","24872","24099","20656","16377","","14240","15013","13990","14389","14155","13975","14338","15143","12666","14701","16671","17759","32636","32507","","28176","29247","27129","24609","24465","24188","25150","24042","23569","24779","24850","23777","","","","","",
"Central African Republic","CAF","Children out of school, primary, female","SE.PRM.UNER.FE","","","","","","","","","","","","90397","90077","89065","","","","100328","103664","","","105065","106789","111503","","","106155","128415","135522","138608","126067","136255","","","","","","","","","","","","","","181598","185092","166396","139775","140809","133868","139288","127690","","",
"Canada","CAN","Children out of school, primary, female","SE.PRM.UNER.FE","","","","","","","","","","","","","","","","","","","","","","","47968","52708","59343","59482","55230","55518","55731","60184","48183","26412","29605","53057","64467","74313","64156","","18198","1762","","","","","","","","","","","","","","","",
"Central Europe and the Baltics","CEB","Children out of school, primary, female","SE.PRM.UNER.FE","","","","","","","","","","","","","","","","","","","","","","","","","","","","","","","","","","","","","","246440","159002","177462","158447","133987","116459","114789","122287","118638","121157","102508","96775","88765","101950","106111","115103","","",
"Switzerland","CHE","Children out of school, primary, female","SE.PRM.UNER.FE","","","","","","","","","","","","","","","","","","69303","66891","","","59507","57550","55862","54914","53557","51325","47409","42856","38480","34802","33262","33773","35689","38098","26407","21905","","","749","745","600","539","464","1888","3970","4987","4671","2842","1801","1647","1047","830","","",
"Channel Islands","CHI","Children out of school, primary, female","SE.PRM.UNER.FE","","","","","","","","","","","","","","","","","","","","","","","","","","","","","","","","","","","","","","","","","","","","","","","","","","","","","","","",
"Chile","CHL","Children out of school, primary, female","SE.PRM.UNER.FE","","","","","","","","","","","","","","","","","","","","","","","","","","","","","","","","","","","","","","","","","","","","","","","","42433","38799","50075","43632","51227","53451","","",
"China","CHN","Children out of school, primary, female","SE.PRM.UNER.FE","","","","","","","","","","","","","","","","","","","","","","","","","","","","","","","","3435107","4696838","5840799","6960069","7853487","8332783","8477576","","","","","","","","","","","","","","","","","",
"Cote d'Ivoire","CIV","Children out of school, primary, female","SE.PRM.UNER.FE","","","","","","","","","","","","","","","","","","345232","","","","","","","","","","","","","","","","","","","608450","607288","","596975","621772","571090","586812","611887","","","","","","651110","","","","","",
"Cameroon","CMR","Children out of school, primary, female","SE.PRM.UNER.FE","","","","","","","","","","","","234976","243498","261598","276300","252653","250155","264624","267067","268638","274963","","","","","","","","298007","","327905","356664","","","","","","","","","","","","","","","","","","","","","244125","","",
"Congo, Rep.","COG","Children out of school, primary, female","SE.PRM.UNER.FE","","","","","","","","","","","","","24569","","18680","","13762","","7895","","16951","18615","17789","16779","15916","","","","","","","","","","","","","","","","","","","","","114863","130144","","","","43500","","14900","","",
"Colombia","COL","Children out of school, primary, female","SE.PRM.UNER.FE","","","","","","","","","","","","","","","","","","","","","","","","","","","613495","","","","","484223","","","","","","","","84862","77107","","171510","","","83092","103967","124918","143355","157974","196033","","","","",
"Comoros","COM","Children out of school, primary, female","SE.PRM.UNER.FE","","","","","","","","","","","","","","","","","","","","","","","","","","","","10725","","","","","","","14976","","","","","14762","11821","","","","","","","9336","","","","","","10749","",
"Cabo Verde","CPV","Children out of school, primary, female","SE.PRM.UNER.FE","","","","","","","","","","","","","","","","","","","","","","2911","3310","4299","2637","2292","2202","2071","859","","789","","","","","","","","","","","691","627","781","1169","1599","1975","2321","2571","2416","1962","1769","1269","902","",
"Costa Rica","CRI","Children out of school, primary, female","SE.PRM.UNER.FE","","","","","","","","","","","24408","","22023","19950","","15418","11051","","13197","15678","15824","15561","18613","","","24797","23336","23802","","24998","25589","25090","","","","","","","","","","","","","","","","","","","","10290","15149","19239","",
"Caribbean small states","CSS","Children out of school, primary, female","SE.PRM.UNER.FE","","","","","","","","","","","29230","29614","29171","31001","26358","37372","41270","30451","27841","26325","29185","25768","20673","18412","19716","21657","21988","17562","17393","11874","15331","23021","27811","30797","30027","27822","26232","24695","19553","17256","18123","22069","23883","25095","22409","24550","27602","28901","27029","30143","28520","28756","31435","","",
"Cuba","CUB","Children out of school, primary, female","SE.PRM.UNER.FE","","","","","","","","","","","","","42752","35879","30725","","","","","13279","20566","32541","38673","38076","41749","50558","45473","35364","35487","33619","33290","35455","25568","22926","13004","13522","6470","8228","9087","8715","12055","15068","17502","27195","27735","24191","17497","8373","4416","","1359","7394","12879","13257","",
"Curacao","CUW","Children out of school, primary, female","SE.PRM.UNER.FE","","","","","","","","","","","","","","","","","","","","","","","","","","","","","","","","","","","","","","","","","","","","","","","","","","","","","","","",
"Cayman Islands","CYM","Children out of school, primary, female","SE.PRM.UNER.FE","","","","","","","","","","","","","","","","","","","","","","","","","","","","","","","","","","","","","","","","","","","","","","","","","","","","","","","",
"Cyprus","CYP","Children out of school, primary, female","SE.PRM.UNER.FE","","","","","","","","","","","","7790","8085","7978","8189","10244","10938","11028","10567","10066","10114","9116","10048","10169","10188","9955","8517","7309","7058","7228","7572","7733","8672","715","1003","1217","1296","1138","","655","511","697","386","369","403","75","138","209","358","298","140","198","436","","",
"Czech Republic","CZE","Children out of school, primary, female","SE.PRM.UNER.FE","","","","","","","","","","","","","","","","","","","","","","","","","","","","","","","","","","","","","","","","","","","","","","","","","","","","","","","",
"Germany","DEU","Children out of school, primary, female","SE.PRM.UNER.FE","","","","","","","","","","","","","","","","","","","","","","","","","","","","","","","","","","","","","","","","","","12776","43506","42095","28089","16194","","","","","","","1893","","",
"Djibouti","DJI","Children out of school, primary, female","SE.PRM.UNER.FE","","","","","","","","","","","","","","","","","","","","","","","","","","27497","28658","30799","32724","34257","35083","","36131","37804","38913","40345","42736","45241","","48000","47788","46037","44769","","40789","38399","35189","31524","23118","23016","","19550","","20711","18766",
"Dominica","DMA","Children out of school, primary, female","SE.PRM.UNER.FE","","","","","","","","","","","","","","","","","502","424","","743","950","778","780","","","","","","","","","","","","","","","","","","","","","","10","137","182","466","432","48","93","","","","",
"Denmark","DNK","Children out of school, primary, female","SE.PRM.UNER.FE","","","","","","","","","","","","","","","","","","","","","","9621","7756","3857","2154","1895","2629","1867","1504","3629","3691","2771","4319","5050","2217","2429","3043","","","3057","2383","","","","2174","6339","5399","4236","4606","4830","5253","3733","3143","","",
"Dominican Republic","DOM","Children out of school, primary, female","SE.PRM.UNER.FE","","","","","","","","","","","","","","","","","","","","","","","","","","","","","","","","","","","","","","","","96284","92240","","74489","95892","105117","94741","98842","66082","86972","57373","65244","62367","72759","","",
"Algeria","DZA","Children out of school, primary, female","SE.PRM.UNER.FE","","","","","","","","","","","","","","586829","554079","533333","515594","498042","488228","493823","490043","498468","518427","540146","535799","536777","520508","502703","494522","489554","499467","481535","470119","482735","476364","459175","447518","440458","","329625","291865","228218","181694","158044","136625","131108","132473","129807","104046","55330","","","","","",
"East Asia & Pacific (developing only)","EAP","Children out of school, primary, female","SE.PRM.UNER.FE","","","","","","","","","","","","","","","","","","","","","","","","","","","11392716","6461415","4734963","5564039","5588080","6164289","7438109","8643259","9788088","10827841","11258268","11580199","8748847","5881206","5511154","4903713","4525226","4339207","4433194","4760485","4794885","3860492","3498994","3196613","2951807","2759324","3212053","","",
"East Asia & Pacific (all income levels)","EAS","Children out of school, primary, female","SE.PRM.UNER.FE","","","","","","","","","","","","","","","","","","","","","","","","","","","11467048","6501934","4768223","5597475","5631885","6219417","7497779","8727639","9861172","10912971","11338347","11668732","8848572","5974540","5603616","5012668","4635060","4442217","4542725","4871635","4898517","3944338","3574945","3266493","3029656","2835033","3277953","","",
"Europe & Central Asia (developing only)","ECA","Children out of school, primary, female","SE.PRM.UNER.FE","","","","","","","","","","","","","","","","","","","","","","","","","","","","","","","","","","","949255","941765","1024280","1065000","916126","817323","715794","599012","508349","546742","509297","478366","468733","453826","424028","481544","441602","432784","447918","","",
"Europe & Central Asia (all income levels)","ECS","Children out of school, primary, female","SE.PRM.UNER.FE","","","","","","","","","","","","","","","","","","","","","","","","","","","","","","","","1323700","1344300","1491548","1554385","1625515","1586457","1580520","1377842","1257926","1078537","837399","703557","772563","770422","912168","834972","787504","694344","699280","631108","608743","619540","","",
"Ecuador","ECU","Children out of school, primary, female","SE.PRM.UNER.FE","","","","","","","","","","","","97674","","100859","96729","100138","99705","84909","76075","60216","69572","","","","","","","","","","","","","","45277","44757","38525","21176","16712","16616","10048","","","","","","","","","14509","20073","20360","21214","19334","",
"Egypt, Arab Rep.","EGY","Children out of school, primary, female","SE.PRM.UNER.FE","","","","","","","","","","","","1457062","1490700","1532395","","","","","1537855","","","","","","","","","","","","","","","","603344","","","","","337545","275607","199091","162191","142544","93942","","","","","","","","","","",
"Euro area","EMU","Children out of school, primary, female","SE.PRM.UNER.FE","","","","","","","","","","","","335319","318723","340078","301542","306503","299398","316707","281200","258522","264167","300102","342108","375755","348445","299258","198813","200286","178270","174316","179851","176699","206816","236229","254616","216328","163289","134073","88879","72519","62550","82088","118266","133797","143607","107728","82691","62199","59043","55158","53573","62091","65852","","",
"Eritrea","ERI","Children out of school, primary, female","SE.PRM.UNER.FE","","","","","","","","","","","","","","","","","","","","","","","","","","","","","","","","","","","","","","","","","","","","","","","","","","","","","","","",
"Spain","ESP","Children out of school, primary, female","SE.PRM.UNER.FE","","","","","","","","","","","","62899","43611","36490","","","","1920","23945","19089","","","","","","","","","","","","","","","","","","","","5705","1061","1174","1389","2768","2267","5658","5814","4183","2914","1046","2010","2020","1822","","",
"Estonia","EST","Children out of school, primary, female","SE.PRM.UNER.FE","","","","","","","","","","","","","","","","","","","","","","","","","","","","","","","","","","","","9112","6499","","85","118","177","183","","1186","944","993","1133","1297","1074","1148","994","1110","923","","",
"Ethiopia","ETH","Children out of school, primary, female","SE.PRM.UNER.FE","","","","","","","","","","","","","","","","","","","","","","","","","","","","2559034","2636946","2749846","","","","","3739703","3810174","3785703","","3666901","3610386","3471490","3319505","3284547","3335102","3231420","2632511","2163781","","","","","","","","",
"European Union","EUU","Children out of school, primary, female","SE.PRM.UNER.FE","","","","","","","","","","","","","","506643","481162","499445","495665","543262","555215","588750","617107","714460","726352","756062","726547","710051","612381","604097","602945","622669","656555","664180","680639","646099","579593","529263","479429","386959","242324","245097","217970","208715","226924","241768","278459","239410","218040","203615","170809","157329","169341","177131","187406","","",
"Fragile and conflict affected situations","FCS","Children out of school, primary, female","SE.PRM.UNER.FE","","","","","","","","","","","","","","8538920","8799861","8902610","8904916","8897408","9014868","8849061","","","","","","","","","","","","","","","10744203","10923870","11384585","11731772","11967454","12281362","12354241","12151759","11643494","11096807","10782398","10827269","10480156","10483973","9868063","9850655","9780204","9618565","9358768","","",
"Finland","FIN","Children out of school, primary, female","SE.PRM.UNER.FE","","","","","","","","","","","","","","","","","","","","","","","","","","","","","","","","","","2222","2225","2871","2267","2034","1004","","","334","858","2379","4202","4615","5293","4464","4262","4085","3564","2896","1629","","",
"Fiji","FJI","Children out of school, primary, female","SE.PRM.UNER.FE","","","","","","","","","","","","","","","","","","","","","","","","","","","","","","","","","1806","","1481","2140","3636","3413","2817","2940","2890","1223","","313","327","","213","","","337","","102","","","",
"France","FRA","Children out of school, primary, female","SE.PRM.UNER.FE","","","","","","","","","","","","39791","35897","","","","","94887","","33214","49661","","121453","145819","","74500","","","","","","","52771","95061","97386","62650","23539","15854","","3258","3514","12120","16792","23109","29973","9097","10238","10290","10688","9968","9862","10089","10071","","",
"Faeroe Islands","FRO","Children out of school, primary, female","SE.PRM.UNER.FE","","","","","","","","","","","","","","","","","","","","","","","","","","","","","","","","","","","","","","","","","","","","","","","","","","","","","","","",
"Micronesia, Fed. Sts.","FSM","Children out of school, primary, female","SE.PRM.UNER.FE","","","","","","","","","","","","","","","","","","","","","","","","","","","","","","","","","","","","","","","","","","","","","","","","","","","","","","","816",
"Gabon","GAB","Children out of school, primary, female","SE.PRM.UNER.FE","","","","","","","","","","","","","","","","","","","","","","","","","","","","","","","","","","","","","","7070","","","","","","","","","","","","","","","","","",
"United Kingdom","GBR","Children out of school, primary, female","SE.PRM.UNER.FE","","","","","","","","","","","","21588","39151","61495","75106","80505","81140","78389","80650","81129","52814","58645","82169","118737","130024","145619","110546","50952","17582","1056","10648","44935","78753","","","","","","3776","509","377","","","","9845","474","23","27060","7368","8720","9573","7256","4497","","",
"Georgia","GEO","Children out of school, primary, female","SE.PRM.UNER.FE","","","","","","","","","","","","","","","","","","","","","","","","","","","","","","","","","","","","28880","26681","25731","","","","","","","20940","17376","6851","8229","","","","","907","3482","",
"Ghana","GHA","Children out of school, primary, female","SE.PRM.UNER.FE","","","","","","","","","","","","","","","","","","","","","","","","","","","","","","","","","","","","","","","","559001","514708","598117","568617","577058","614019","521769","525894","450213","364810","399247","","282608","342260","225495","192381",
"Guinea","GIN","Children out of school, primary, female","SE.PRM.UNER.FE","","","","","","","","","","","","","","","","","","","","","","","","","291352","296240","310696","328256","337499","351172","369479","379951","","","","","","","454717","445140","425817","406093","363378","341031","321186","306521","289176","278476","293538","290689","288047","251967","263430","","",
"Gambia, The","GMB","Children out of school, primary, female","SE.PRM.UNER.FE","","","","","","","","","","","","24831","26316","27470","28836","30209","31690","30691","29744","30756","30675","28602","28657","28281","27827","27777","28867","","","","","","47761","47033","","","41441","","38454","28362","29920","28337","31250","26116","25307","28490","24118","24845","30349","","36510","37124","33938","41019","",
"Guinea-Bissau","GNB","Children out of school, primary, female","SE.PRM.UNER.FE","","","","","","","","","","","","","","","","","","","","","","43505","49525","","59610","59491","","56180","54227","","","","","","","","","","","","58541","","","","","","","","","","37137","","","","",
"Equatorial Guinea","GNQ","Children out of school, primary, female","SE.PRM.UNER.FE","","","","","","","","","","","","","","","","","","","","","","","","","","","","","","","","","","","5107","","","","","","13302","10171","11294","11275","","","","","20985","21236","21279","20245","19210","","",
"Greece","GRC","Children out of school, primary, female","SE.PRM.UNER.FE","","","","","","","","","","","","11592","10660","9147","7336","10990","13790","18262","21473","24125","27916","14052","9447","2585","1011","192","2603","15062","14332","19653","23162","22844","26744","33661","36486","29490","36421","35937","13309","11715","6938","9179","4950","728","","382","412","469","","","571","561","","","",
"Grenada","GRD","Children out of school, primary, female","SE.PRM.UNER.FE","","","","","","","","","","","","","1845","","","","","197","","","479","769","1013","997","766","","","","","","","","","","","","","","","","","","359","","105","629","","423","240","49","","","","","",
"Greenland","GRL","Children out of school, primary, female","SE.PRM.UNER.FE","","","","","","","","","","","","","","","","","","","","","","","","","","","","","","","","","","","","","","","","","","","","","","","","","","","","","","","",
"Guatemala","GTM","Children out of school, primary, female","SE.PRM.UNER.FE","","","","","","","","","","","234690","238780","243928","","251545","253139","","","260447","","","251597","271730","259758","","","","","","","","","","","","","","254459","","175769","150602","161125","129026","","86254","71158","56668","46041","49045","25857","25967","58749","104836","","",
"Guam","GUM","Children out of school, primary, female","SE.PRM.UNER.FE","","","","","","","","","","","","","","","","","","","","","","","","","","","","","","","","","","","","","","","","","","","","","","","","","","","","","","","",
"Guyana","GUY","Children out of school, primary, female","SE.PRM.UNER.FE","","","","","","","","","","","","10890","10953","","8910","","8456","4077","","4353","","","3656","","","","","","","","","","","","","1838","2283","","","","","","","1311","","","","","4096","7997","7554","8693","11650","","",
"High income","HIC","Children out of school, primary, female","SE.PRM.UNER.FE","","","","","","","","","","","","","","","","","","","","3077030","2244919","2399248","2284419","2534191","2641838","2518306","2191417","1877983","1726258","1690015","1664169","1692331","1906526","2095747","2153618","2092034","1964414","1795269","1628907","1540798","1452479","1223960","1397952","1491916","1604050","1651881","1409207","1240224","1096787","1072643","1222845","1267754","1302519","","",
"Hong Kong SAR, China","HKG","Children out of school, primary, female","SE.PRM.UNER.FE","","","","","","","","","","","","42736","39312","39901","37273","34619","32959","29790","29102","25466","13960","13553","13633","11514","9307","7924","","","","","","","","","","17040","17601","","","","","","","","","","","","9217","9566","9877","8879","3050","1839","",
"Honduras","HND","Children out of school, primary, female","SE.PRM.UNER.FE","","","","","","","","","","","","","","","","","","","","70349","69874","","38590","31808","28090","","26688","","","","","47637","","44932","","","","","","","56424","","","31380","18846","38896","15566","34521","15867","13649","16372","10635","28188","49526","",
"Heavily indebted poor countries (HIPC)","HPC","Children out of school, primary, female","SE.PRM.UNER.FE","","","","","","","","","","","","","","","","","","","","13370417","13225954","13236740","13761011","13970491","14427653","14857874","15178166","15901450","16335952","17112312","17893348","17858308","18532624","19078708","19243392","19160384","19723642","19227202","19594484","19894296","19637844","18996796","17967812","17083194","16331995","15650515","14731534","14166058","12818952","12933957","13029262","12700300","12630856","","",
"Croatia","HRV","Children out of school, primary, female","SE.PRM.UNER.FE","","","","","","","","","","","","","","","","","","","","","","","","","","","","","","","","","","","","","","","16957","7567","7053","6272","4923","4375","","76","161","109","2328","7804","3375","947","219","","",
"Haiti","HTI","Children out of school, primary, female","SE.PRM.UNER.FE","","","","","","","","","","","","","","","","","","","","","","271591","256276","240140","261771","249298","243819","290391","","","","","","","","","","281650","","","","","","","","","","","","","","","","","",
"Hungary","HUN","Children out of school, primary, female","SE.PRM.UNER.FE","","","","","","","","","","","","","","","","","","","","","","","","","","","","","","","","","","","","","55009","33516","9417","9317","7903","6725","6381","9196","9750","8210","6465","6589","3879","2098","2276","3832","5886","","",
"Indonesia","IDN","Children out of school, primary, female","SE.PRM.UNER.FE","","","","","","","","","","","","3091589","3062119","","3460653","3049751","2787145","","1934230","","","1503868","","","","","","","","","515145","633792","771058","911185","860037","896512","950935","954757","","","","409729","442541","538651","629068","817510","629692","362294","376062","342688","179938","137701","563804","","",
"Isle of Man","IMN","Children out of school, primary, female","SE.PRM.UNER.FE","","","","","","","","","","","","","","","","","","","","","","","","","","","","","","","","","","","","","","","","","","","","","","","","","","","","","","","",
"India","IND","Children out of school, primary, female","SE.PRM.UNER.FE","","","","","","","","","","","","18175580","","","","","","","","","","","","","","","","","","","17116752","","","","","","","","","","12476132","11991268","11715706","6108649","","","","","","","","","","","",
"Not classified","INX","Children out of school, primary, female","SE.PRM.UNER.FE","","","","","","","","","","","","","","","","","","","","","","","","","","","","","","","","","","","","","","","","","","","","","","","","","","","","","","","",
"Ireland","IRL","Children out of school, primary, female","SE.PRM.UNER.FE","","","","","","","","","","","","11299","12641","12133","14370","14819","15519","16001","15348","15564","15971","17348","19551","21227","","","21580","19863","17653","16139","14826","15719","17063","17674","17937","18303","18049","16069","473","","223","1656","","","","","","","","","25","3561","444","","",
"Iran, Islamic Rep.","IRN","Children out of school, primary, female","SE.PRM.UNER.FE","","","","","","","","","","","","","","","","","","","","","","","","","763294","762411","742604","757668","722230","696175","487307","","285965","","","","","351110","","644155","636049","","282572","267183","138324","112387","","","","","","","","","",
"Iraq","IRQ","Children out of school, primary, female","SE.PRM.UNER.FE","","","","","","","","","","","","492099","507401","518651","527656","530236","490798","474685","455284","214714","139880","133483","","192271","","235263","230871","216967","194367","237122","","","","411460","","","490850","","","315664","340118","","","241768","279848","","","307444","","","","","","","",
"Iceland","ISL","Children out of school, primary, female","SE.PRM.UNER.FE","","","","","","","","","","","","","","","","","","","","","","","","","","","","","","","","","","","386","","225","196","188","","","","","","492","501","393","248","149","78","137","171","231","","",
"Israel","ISR","Children out of school, primary, female","SE.PRM.UNER.FE","","","","","","","","","","","","","","","","","","","","","","","","","","","","","","","","","","","","","","","","8128","7397","5077","6145","5914","6866","7221","8616","8020","8462","10050","8413","10016","7819","","",
"Italy","ITA","Children out of school, primary, female","SE.PRM.UNER.FE","","","","","","","","","","","","","","","","","34805","","","36033","","","","","","45482","","","","","","","","","","","","","","","4301","6485","8451","10743","14025","13707","12743","13095","14073","13263","12017","17905","26357","","",
"Jamaica","JAM","Children out of school, primary, female","SE.PRM.UNER.FE","","","","","","","","","","","","","","","","10755","15408","13501","","5626","4360","5108","","1927","3557","4623","3873","2619","6278","53","1861","4540","","11743","","","","","","12397","10697","12013","12917","15729","14564","20340","","34848","32679","31588","33717","","21105","23466","",
"Jordan","JOR","Children out of school, primary, female","SE.PRM.UNER.FE","","","","","","","","","","","","","21661","","","","","","","","9030","12537","14318","19420","20633","16212","","","","","","","","","","","","","","4935","","","","","","","","","3733","","13364","12702","15545","","",
"Japan","JPN","Children out of school, primary, female","SE.PRM.UNER.FE","","","","","","","","","","","","","28538","54388","128434","58585","","","","","","","7691","32691","23671","","","","","","","","","","","","","","","","","","","","","","","","","","","","","","",
"Kazakhstan","KAZ","Children out of school, primary, female","SE.PRM.UNER.FE","","","","","","","","","","","","","","","","","","","","","","","","","","","","","","","","","","","","","","","","","14071","12642","4150","3920","3811","3397","3107","5398","6648","8674","10549","5619","1589","","",
"Kenya","KEN","Children out of school, primary, female","SE.PRM.UNER.FE","","","","","","","","","","","","","","","","","","","","","","","","","","","","","","","","","","","","","","","","960077","864454","835105","987583","676787","717349","682211","693782","407193","536965","524749","","","469449","","",
"Kyrgyz Republic","KGZ","Children out of school, primary, female","SE.PRM.UNER.FE","","","","","","","","","","","","","","","","","","","","","","","","","","","","","","","","","","","","","23170","","","17267","18733","17411","16893","16341","4146","9534","7754","10151","11234","11541","9490","8044","4298","","",
"Cambodia","KHM","Children out of school, primary, female","SE.PRM.UNER.FE","","","","","","","","","","","","","","","","","","","","","","","","","","","","","","","","","","","","","","247001","225433","195713","137862","","","46377","","","23645","","29942","","18350","","25697","","",
"Kiribati","KIR","Children out of school, primary, female","SE.PRM.UNER.FE","","","","","","","","","","","","","","","","","","","","","","","","","","","","209","","92","","","","","","","","","","","","","","","","","","","","","","","","","",
"St. Kitts and Nevis","KNA","Children out of school, primary, female","SE.PRM.UNER.FE","","","","","","","","","","","","","","","","","","","","","","","","","","668","465","","","","","","","","","","","","","","","","","56","25","109","","311","556","216","455","367","475","526","",
"Korea, Rep.","KOR","Children out of school, primary, female","SE.PRM.UNER.FE","","","","","","","","","","","","109959","55818","79479","97039","93673","66033","85239","72548","27192","","","","","15310","27675","26650","","","","","","","","","","","","8024","86","73","7801","12683","9688","18140","23433","21955","19929","15877","13256","23721","19771","14929","","",
"Kosovo","","Children out of school, primary, female","SE.PRM.UNER.FE","","","","","","","","","","","","","","","","","","","","","","","","","","","","","","","","","","","","","","","","","","","","","","","","","","","","","","","",
"Kuwait","KWT","Children out of school, primary, female","SE.PRM.UNER.FE","","","","","","","","","","","","19373","18937","18783","19558","19358","18263","15970","13322","15221","14403","13048","12384","10378","9614","9823","9979","14418","16834","","","","49477","","18647","","","","","76","343","37","","","","1205","","2336","","","","","","","",
"Latin America & Caribbean (developing only)","LAC","Children out of school, primary, female","SE.PRM.UNER.FE","","","","","","","","","","","","","","","","","","","","","","","","","","","","","","","","","","3988625","3798498","3597133","3311211","3068499","2566238","2223961","1996874","1940068","1722444","1737741","1701707","1692540","1642241","1603741","1687185","1557197","1513696","1554994","1728155","","",
"Lao PDR","LAO","Children out of school, primary, female","SE.PRM.UNER.FE","","","","","","","","","","","","","","","","","","","","","","","","","","","","","","","","","137090","128273","121803","","121086","116070","108628","109127","109863","114968","113405","104920","101016","95199","88736","77448","64068","48460","25862","20094","17910","12515","",
"Lebanon","LBN","Children out of school, primary, female","SE.PRM.UNER.FE","","","","","","","","","","","","","","","","","","","","","","","","","","","","","","","","","","","","","","25834","","","","","","7550","12839","24710","33677","32496","31596","30196","25170","22378","15869","14380","",
"Liberia","LBR","Children out of school, primary, female","SE.PRM.UNER.FE","","","","","","","","","","","","","","","","","","","","","","","","","","","","","","","","","","","","","","","","122040","","","","","","","168727","","167352","183643","","194833","","","220406",
"Libya","LBY","Children out of school, primary, female","SE.PRM.UNER.FE","","","","","","","","","","","","60919","45917","","","","","","","","","","","","","","","","","","","","","","","","","","","","","","","","","","","","","","","","","","",
"St. Lucia","LCA","Children out of school, primary, female","SE.PRM.UNER.FE","","","","","","","","","","","","","","","","","","","","","","353","263","","","","","","","","475","","","","","","","","","","1389","1399","342","490","745","986","705","789","","","","","","","",
"Latin America & Caribbean (all income levels)","LCN","Children out of school, primary, female","SE.PRM.UNER.FE","","","","","","","","","","","","","","","","","","","","","","","","","","","","","","","","","","4149503","3965412","3767843","3484942","3223107","2708565","2354987","2133405","2083232","1869332","1885724","1804206","1785281","1719625","1670131","1747464","1628908","1575828","1628798","1803984","","",
"Least developed countries: UN classification","LDC","Children out of school, primary, female","SE.PRM.UNER.FE","","","","","","","","","","","","","","","","","","17316964","17302540","17324290","17147588","17629992","18296920","18753920","19085084","19827736","20239354","21056112","20558236","21127484","21779652","21654020","22048540","22472696","22537928","22421328","22819758","22522296","22837830","23104420","22355336","21613524","20138836","18946668","17687888","16700167","15302699","15032642","13921759","13457638","13702148","13414783","13341334","","",
"Low income","LIC","Children out of school, primary, female","SE.PRM.UNER.FE","","","","","","","","","","","","","","","16262175","15689253","15462735","15206067","15313915","15206647","14762721","14895496","15413626","15798975","16141282","16856120","17292992","18218352","17799880","18348248","19111088","18891708","19242768","19615830","19685348","19557400","19940016","19614168","19873960","20060932","19278208","18537286","17266660","15937657","14876548","14051042","12812269","12121723","11367400","10881431","11114485","10894278","10848678","","",
"Liechtenstein","LIE","Children out of school, primary, female","SE.PRM.UNER.FE","","","","","","","","","","","","","","","","","","","","","","","","","","","","","","","","","","","","","","","","","","","","","","","","","","","","","","","",
"Sri Lanka","LKA","Children out of school, primary, female","SE.PRM.UNER.FE","","","","","","","","","","","","","","","","","","","","","","","","","","","","","","","","","","","","","","","","","","","585","11894","3790","33119","37747","39048","43667","61178","47678","51566","53441","","",
"Lower middle income","LMC","Children out of school, primary, female","SE.PRM.UNER.FE","","","","","","","","","","","35415376","35842064","36262944","35845424","37169304","","","","","","","","","","","","","36351076","36334508","34786376","34981680","34852144","34976592","33560076","32293412","33508900","33712080","33669036","34249536","32855628","30732464","29756580","29303872","23468944","22462596","21372076","19491360","16398185","15625650","15128762","14031916","13968843","14229028","","",
"Low & middle income","LMY","Children out of school, primary, female","SE.PRM.UNER.FE","","","","","","","","","","","","","","","","","","","","","","","","","","","68104680","66345376","63730560","63696772","63024980","63544548","65122108","65082388","64842376","66658840","67589040","67161936","64665512","60257224","56710128","54215660","51580800","43920548","41757376","39981288","37025224","32591188","30885184","29757528","28948802","28772268","29246196","","",
"Lesotho","LSO","Children out of school, primary, female","SE.PRM.UNER.FE","","","","","","","","","","","25926","","31390","32338","23406","","23395","22493","32364","31153","32330","34076","29835","32189","31871","29259","29443","26763","25268","27232","30385","27811","28131","33437","32968","36838","36763","","54109","62248","27285","27434","27660","28054","33401","35396","35541","40924","38402","36503","33203","30604","27699","30490","",
"Lithuania","LTU","Children out of school, primary, female","SE.PRM.UNER.FE","","","","","","","","","","","","","","","","","","","","","","","","","","","","","","","","","","","","","","","3783","2998","1849","1798","1747","3560","5354","4559","2854","739","1215","1017","857","855","1167","","",
"Luxembourg","LUX","Children out of school, primary, female","SE.PRM.UNER.FE","","","","","","","","","","","","","1259","1394","1145","1280","1316","1276","1330","","","2824","1932","2095","2171","","2109","2478","1682","","","","","","","","","","","249","281","482","469","639","521","284","201","225","359","","724","762","767","","",
"Latvia","LVA","Children out of school, primary, female","SE.PRM.UNER.FE","","","","","","","","","","","","","","","","","","","","","","","","","","","","","","","","","","","","","","","","2157","","","","","","","","","1584","653","455","527","600","","",
"Macao SAR, China","MAC","Children out of school, primary, female","SE.PRM.UNER.FE","","","","","","","","","","","","","","","","","","","","","","","","","","","","","","","2343","","2143","","","","","","","2815","","","","","","","","","","","","","","","",
"St. Martin (French part)","MAF","Children out of school, primary, female","SE.PRM.UNER.FE","","","","","","","","","","","","","","","","","","","","","","","","","","","","","","","","","","","","","","","","","","","","","","","","","","","","","","","",
"Morocco","MAR","Children out of school, primary, female","SE.PRM.UNER.FE","","","","","","","","","","","","","","","","875679","844772","823385","799483","783173","764698","742228","743072","723572","707340","732381","764336","796702","828961","869748","871985","1057853","1064392","1038241","989411","930256","873302","825985","795990","675075","563310","465254","369998","333751","328611","303402","270561","234856","207041","186297","107737","58624","46832","24660","25440",
"Monaco","MCO","Children out of school, primary, female","SE.PRM.UNER.FE","","","","","","","","","","","","","","","","","","","","","","","","","","","","","","","","","","","","","","","","","","","","","","","","","","","","","","","",
"Moldova","MDA","Children out of school, primary, female","SE.PRM.UNER.FE","","","","","","","","","","","","","","","","","","","","","","","","","","","","","","","","","","","","","","","","","9634","6466","4693","3936","3396","6178","7900","8578","7914","7930","7228","7018","6807","6710","",
"Madagascar","MDG","Children out of school, primary, female","SE.PRM.UNER.FE","","","","","","","","","","","","","208174","","","","","","","","","","","","","","","","","264889","263135","","","","","368240","404586","","","388737","382214","375192","376630","273476","","","","","","","","","","","",
"Maldives","MDV","Children out of school, primary, female","SE.PRM.UNER.FE","","","","","","","","","","","","","","","","","","","","","","","","","","","","","","","","","","","","","","739","","459","216","330","348","","","397","561","1505","2718","1260","","","","","",
"Middle East & North Africa (all income levels)","MEA","Children out of school, primary, female","SE.PRM.UNER.FE","","","","","","","","","","","","6148322","5795184","5766656","5810242","5530997","5325232","5209230","5116408","5396186","5072526","5260428","5134979","5137507","5080471","5119596","5048680","4961540","4889843","4986318","4497800","4393581","5141679","5084149","4520416","4940571","4190729","4166946","4050643","3900184","3637197","3113991","2678976","2444697","2202602","2271701","2077307","1956037","1797180","1606847","1276527","1310450","1019439","","",
"Mexico","MEX","Children out of school, primary, female","SE.PRM.UNER.FE","","","","","","","","","","","","1034815","","","","","","","","","","","","","","","","","","","","","","","","","","436729","449235","274430","240381","224968","177427","212575","275877","345155","374855","358941","332768","260482","183700","125708","79665","","",
"Marshall Islands","MHL","Children out of school, primary, female","SE.PRM.UNER.FE","","","","","","","","","","","","","","","","","","","","","","","","","","","","","","","","","","","","","","","","","","","92","","","","","","","","","","","","",
"Middle income","MIC","Children out of school, primary, female","SE.PRM.UNER.FE","","","","","","","","","","","","","","","","","","","","","","","","","","","50811688","48127028","45930680","45348524","43913892","44652840","45879340","45466560","45157028","47101440","47649028","47547768","44791552","40196296","37431920","35678372","34314140","27982890","26880828","25930244","24212954","20469468","19517784","18876098","17834316","17877992","18397520","","",
"Macedonia, FYR","MKD","Children out of school, primary, female","SE.PRM.UNER.FE","","","","","","","","","","","","","","","","","","","","","","","","","","","","","","","","","","","","","","","5352","6259","3758","4744","5185","5669","5037","4294","4150","3682","3971","3038","863","","4709","","",
"Mali","MLI","Children out of school, primary, female","SE.PRM.UNER.FE","","","","","","","","","","","","351922","","","","","","","","","","","","","","","","","","","","","","","","","","","","472066","","","429730","441629","433220","417537","413252","404264","","354411","347327","337208","369267","","",
"Malta","MLT","Children out of school, primary, female","SE.PRM.UNER.FE","","","","","","","","","","","","3105","2921","2678","2169","1648","929","","","","","","272","1116","1277","1186","1605","2192","2365","2310","2198","2263","2457","2589","2933","3008","2591","2374","","","","","","","","","","","","","","613","583","","",
"Myanmar","MMR","Children out of school, primary, female","SE.PRM.UNER.FE","","","","","","","","","","","","804102","","726541","892717","","","","855114","","","","","","","","","","","","","","","","","","","","","","","","","","","","","","","","","","","","",
"Middle East & North Africa (developing only)","MNA","Children out of school, primary, female","SE.PRM.UNER.FE","","","","","","","","","","","","5718726","5355397","5312923","5338920","5044489","4822747","4690133","4573994","4819849","4478021","4639940","4496762","4485148","4420866","4454070","4388306","4299323","4222201","4308284","3806755","3672877","4417512","4380745","3845165","4310802","3607381","3626368","3553420","3430676","3192608","2692063","2273544","2051503","1818707","1898239","1699758","1612218","1517892","1406051","1129387","1169153","934842","","",
"Montenegro","MNE","Children out of school, primary, female","SE.PRM.UNER.FE","","","","","","","","","","","","","","","","","","","","","","","","","","","","","","","","","","","","","","","","","","","","666","","396","362","685","690","","","1491","172","","",
"Mongolia","MNG","Children out of school, primary, female","SE.PRM.UNER.FE","","","","","","","","","","","","","","","","","","","","","","","","","","","","","","","","","","","","16428","13848","17345","12696","10850","7839","5553","6823","15091","7669","8785","2256","2573","1059","2035","1780","1572","3337","6243","",
"Northern Mariana Islands","MNP","Children out of school, primary, female","SE.PRM.UNER.FE","","","","","","","","","","","","","","","","","","","","","","","","","","","","","","","","","","","","","","","","","","","","","","","","","","","","","","","",
"Mozambique","MOZ","Children out of school, primary, female","SE.PRM.UNER.FE","","","","","","","","","","","","","","532745","","","","","","439773","","472585","489235","409300","","404699","420090","556756","","611366","","630289","648033","668349","670654","663164","","","948651","907499","856370","796494","862913","","647501","553346","478732","387057","331157","319999","316157","389848","405033","387596","",
"Mauritania","MRT","Children out of school, primary, female","SE.PRM.UNER.FE","","","","","","","","","","","","","","","","","","","","","","","","","","","","","","","","","","","102755","94283","88838","","83235","85301","87131","82754","84253","78710","63317","66911","62403","60892","70250","74508","74726","73309","76533","70888","",
"Mauritius","MUS","Children out of school, primary, female","SE.PRM.UNER.FE","","","","","","","","","","","","","16976","16424","15711","14637","14306","11905","13409","15287","14807","12074","7979","5781","3357","","841","","","","1331","3992","","3879","3421","2872","1720","1225","2390","4393","4240","4355","3198","3391","2278","1899","1850","1575","1662","1351","1316","1100","1081","906","",
"Malawi","MWI","Children out of school, primary, female","SE.PRM.UNER.FE","","","","","","","","","","","","","","","","","","","","","","","","","","","","","","","","","","","","","","","","","","","","","","","","39276","","","","","","","",
"Malaysia","MYS","Children out of school, primary, female","SE.PRM.UNER.FE","","","","","","","","","","","198622","197640","191193","","","","","","","","","","","","","","","","","","","","","","51216","","","","66489","80052","32591","52264","80382","78564","","","","","","","","","","","",
"North America","NAC","Children out of school, primary, female","SE.PRM.UNER.FE","","","","","","","","","","","","","","","","","","","","","","","","","","867951","724075","565974","483818","407306","315153","337486","460259","609030","628132","516455","557598","487075","417909","394598","402852","301356","529298","610633","735078","628202","470127","393468","389969","491284","724938","780742","885362","","",
"Namibia","NAM","Children out of school, primary, female","SE.PRM.UNER.FE","","","","","","","","","","","","","","","","","","","","","","","","","","","","","","22211","22736","","20401","","","","","","15917","15401","13638","12728","10316","11012","15864","16447","19493","17591","20110","20895","21662","","18706","","",
"New Caledonia","NCL","Children out of school, primary, female","SE.PRM.UNER.FE","","","","","","","","","","","","","","","","","","","","","","","","","","","","","","","","","","","","","","","","","","","","","","","","","","","","","","","",
"Niger","NER","Children out of school, primary, female","SE.PRM.UNER.FE","","","","","","","","","","","","","","344380","353700","","","","","","","","","","","","444564","","","488723","501917","511802","537548","","","","","606576","623094","632836","649911","647347","647007","643380","644197","669300","683949","700136","685609","668510","642971","600738","593905","","",
"Nigeria","NGA","Children out of school, primary, female","SE.PRM.UNER.FE","","","","","","","","","","","","","","","","","","","","","","","","","","","","","","","","","","","","","","","","3990500","3794365","","","","3869852","3901578","3884025","4081424","4879009","4870831","4963815","","","","",
"Nicaragua","NIC","Children out of school, primary, female","SE.PRM.UNER.FE","","","","","","","","","","","","92992","","95271","","","","","","","95079","","106433","108003","117104","102858","109233","107128","108183","117979","114521","109136","96904","96022","93730","100426","","","","74830","67356","57821","36347","","28069","25091","29985","28392","23177","","23809","","","","",
"Netherlands","NLD","Children out of school, primary, female","SE.PRM.UNER.FE","","","","","","","","","","","","39025","42966","46087","52195","54254","48978","46891","44950","42609","44216","50103","64583","75557","79937","77383","41757","25707","13299","8000","8130","13142","21775","23467","5521","3196","","","","7353","6875","","","12409","16844","15945","11924","","","","","","7117","","",
"High income: nonOECD","NOC","Children out of school, primary, female","SE.PRM.UNER.FE","","","","","","","","","","","","","","","","","","","","","","","","","","","","","","","","","","878318","920452","989775","900285","903983","903526","854185","762366","605988","497871","483760","467066","665003","626426","575405","477394","358485","278559","253973","189708","","",
"Norway","NOR","Children out of school, primary, female","SE.PRM.UNER.FE","","","","","","","","","","","","","","","","","","","1368","1793","","2690","3084","","4308","6069","5984","4424","3685","1961","216","","389","1701","2310","2828","2627","1256","328","658","331","310","298","267","1005","2667","2177","1669","1313","1708","2009","1354","697","","",
"Nepal","NPL","Children out of school, primary, female","SE.PRM.UNER.FE","","","","","","","","","","","","","","","","","","","","","","","","618614","612383","","","","602657","","","","","","","","","","","573395","468222","","","336321","337541","","","","","","","59945","44041","","",
"New Zealand","NZL","Children out of school, primary, female","SE.PRM.UNER.FE","","","","","","","","","","","","","","1696","1750","","","","","","","","1998","2953","","","","","","","","1965","4278","","4762","2453","2076","","842","822","1503","5184","5801","3607","3417","2214","2003","996","786","660","600","712","2118","","",
"High income: OECD","OEC","Children out of school, primary, female","SE.PRM.UNER.FE","","","","","","","","","","","","","","","","","","","2311430","2218503","1361982","1429787","1254379","1459222","1569854","1488852","1209276","978296","855752","798101","754980","817017","1028736","1217428","1233166","1102259","1064129","891286","725381","686613","690113","617972","900082","1008156","1136983","986878","782781","664819","619392","714158","944286","1013782","1112811","","",
"OECD members","OED","Children out of school, primary, female","SE.PRM.UNER.FE","","","","","","","","","","","","","","","","","","","","","2628370","2647962","2383301","2491866","2311553","2311978","1902327","1668908","1523261","1650600","1346792","1440002","1575024","1864391","1943501","1857155","1893728","1762849","1547766","1282933","1204394","1080310","1293036","1411496","1584050","1482629","1281178","1120747","1030210","1116262","1243641","1283275","1370572","","",
"Oman","OMN","Children out of school, primary, female","SE.PRM.UNER.FE","","","","","","","","","","","","","","61649","60923","59569","60191","","60451","60108","","60454","60621","59261","56004","54496","47408","49131","52124","52959","52650","51524","50659","44860","42542","40934","37724","34160","28308","24403","21966","19236","23592","31961","","","","","","9777","","3401","2958","2512","",
"Other small states","OSS","Children out of school, primary, female","SE.PRM.UNER.FE","","","","","","","","","","","","","","","","237008","221886","216340","224438","232480","234613","234352","233258","240888","241334","237049","248098","250909","258690","272465","288911","295516","310277","326080","321707","335258","338195","342459","347678","354770","312993","290887","281370","275966","278632","279040","262231","265150","261813","247496","240647","232224","216657","","",
"Pakistan","PAK","Children out of school, primary, female","SE.PRM.UNER.FE","","","","","","","","","","","","","","","","","","","","","","","","","","","","","","","","","","","","","","","","","","","5329368","5045717","4622881","4331812","4435948","3821769","3621637","3313598","3047137","3151071","3051023","3142637","",
"Panama","PAN","Children out of school, primary, female","SE.PRM.UNER.FE","","","","","","","","","","","32509","22801","20034","17844","","16564","16880","","14602","16690","19096","21500","23386","25712","26518","25555","26591","25008","26212","23573","23510","","","","","","","","","14689","11509","9706","5046","","5831","7699","6809","6273","10645","17467","14952","16862","17728","","19893",
"Peru","PER","Children out of school, primary, female","SE.PRM.UNER.FE","","","","","","","","","","","281338","","","","","","","","","","","150416","","","","","","","","","","","","97181","","185690","","","6963","","","","","","2269","2282","2962","2701","36388","55525","39874","61986","154519","98284","",
"Philippines","PHL","Children out of school, primary, female","SE.PRM.UNER.FE","","","","","","","","","","","","","","","","","","","","","","272456","216300","287597","461109","","254961","288305","143408","80968","113010","","","","","","","","536456","595888","","533032","482792","480639","509856","560013","668601","691509","683071","665779","","","","","",
"Palau","PLW","Children out of school, primary, female","SE.PRM.UNER.FE","","","","","","","","","","","","","","","","","","","","","","","","","","","","","","","","","","","","","","","","","","","","","","","","","","","","","","123","140",
"Papua New Guinea","PNG","Children out of school, primary, female","SE.PRM.UNER.FE","","","","","","","","","","","","","","","","","","","","","","","","","","","","","","136022","","","","","","","","","","","","","","","","","","","","","","","100779","","",
"Poland","POL","Children out of school, primary, female","SE.PRM.UNER.FE","","","","","","","","","","","","","","","","","","","","","","","","","","","","","","","","","","","","","","","","44652","44921","42687","49123","54936","60083","63380","59949","57219","55339","46119","39548","37852","32817","","",
"Puerto Rico","PRI","Children out of school, primary, female","SE.PRM.UNER.FE","","","","","","","","","","","","","","","","","","","","","","","","","","","","","","","","","","","","","","","","","","","","","","","","","","","14822","18848","17262","17823","",
"Korea, Dem. Rep.","PRK","Children out of school, primary, female","SE.PRM.UNER.FE","","","","","","","","","","","","","","","","","","","","","","","","","","","","","","","","","","","","","","","","","","","","","","","","","","","","","","","",
"Portugal","PRT","Children out of school, primary, female","SE.PRM.UNER.FE","","","","","","","","","","","","","","60357","60870","","38082","33254","20602","","21660","18312","","","","","","","","","","5106","","","","","","","","","","","1817","","4762","3759","4316","","","","1113","2108","1949","","",
"Paraguay","PRY","Children out of school, primary, female","SE.PRM.UNER.FE","","","","","","","","","","","45383","","44653","","","52215","51314","49826","46389","43732","38824","34249","23565","34562","36021","36965","40917","39970","37224","32878","30057","25482","24392","23432","36163","","21147","","","12663","6981","8854","16743","19801","21297","19415","27368","38215","50151","60589","68203","74609","","","",
"Pacific island small states","PSS","Children out of school, primary, female","SE.PRM.UNER.FE","","","","","","","","","","","","","","","","","","","","","","","","","","","","","","","","16852","16123","13576","12846","12293","17050","13187","13898","17799","18034","13677","10933","10934","11127","10580","10276","10280","6791","3558","1830","1711","1361","","",
"French Polynesia","PYF","Children out of school, primary, female","SE.PRM.UNER.FE","","","","","","","","","","","","","","","","","","","","","","","","606","604","817","","","","","","","","","","345","493","","","","","","","","","","","","","","","","","","",
"Qatar","QAT","Children out of school, primary, female","SE.PRM.UNER.FE","","","","","","","","","","","","1706","1163","1087","1272","","845","1097","760","740","","916","","1289","1160","1295","805","2149","2502","3045","3869","5069","5829","5534","3806","","","","","50","57","94","1373","","","","","","","","","","","","",
"Romania","ROU","Children out of school, primary, female","SE.PRM.UNER.FE","","","","","","","","","","","","","","","","","","","","","","","","","","","","","","","","","","133253","83986","63970","70644","84653","66415","82247","69201","49155","20613","","5672","6178","21736","24483","27496","27968","30424","33025","41461","","",
"Russian Federation","RUS","Children out of school, primary, female","SE.PRM.UNER.FE","","","","","","","","","","","","","","","","","","","","","","","","","","","","","","","","","","","120653","238452","","","","","","","","","","","179840","160720","129749","88353","","55499","54361","","",
"Rwanda","RWA","Children out of school, primary, female","SE.PRM.UNER.FE","","","","","","","","","","","","","","168825","179205","188443","","181612","177193","","","","","","","","","","","","","","","","","","","","","117407","","","100837","67627","","","","","","","94943","176","","48428","",
"South Asia","SAS","Children out of school, primary, female","SE.PRM.UNER.FE","","","","","","","","","","","25976636","26939824","26475404","25140228","26263800","26278100","","","","","","","","","","","27625032","29467364","28073182","26100780","26041928","25652124","25022532","23604016","22610144","","23081414","23388652","24484196","23665748","21611762","20992680","19836616","13502398","12190014","10910870","9206986","6748542","5768045","5109667","4845481","4957801","4751567","","",
"Saudi Arabia","SAU","Children out of school, primary, female","SE.PRM.UNER.FE","","","","","","","","","","","","","","","","","","","","475107","","","","","","","","","","","","","","","","","","","","","","","","","","","","","","231701","114029","109403","58579","34681","",
"Sudan","SDN","Children out of school, primary, female","SE.PRM.UNER.FE","","","","","","","","","","","","","","","","","","","","","","","","","","","","","","","","","","","","","","","","","","","","","","","","","","","","","","","",
"Senegal","SEN","Children out of school, primary, female","SE.PRM.UNER.FE","","","","","","","","","","","","","","","","","","","312041","315823","324379","332417","339703","346010","356062","365129","343136","","360905","","385019","","403085","","","","407887","386999","374697","394744","370428","","","326543","291101","248601","252636","240419","216908","222376","221166","219462","186399","","194146",
"Singapore","SGP","Children out of school, primary, female","SE.PRM.UNER.FE","","","","","","","","","","","","","","","","","","","","","","","","","","","","","","","","","","","","","","","","","","","","","","","","","","","","","","","",
"Solomon Islands","SLB","Children out of school, primary, female","SE.PRM.UNER.FE","","","","","","","","","","","","","","","","","","","","","","","","","","","","","","","","","","","","","","","","","","","","","","9327","7490","7750","","","","","","","",
"Sierra Leone","SLE","Children out of school, primary, female","SE.PRM.UNER.FE","","","","","","","","","","","","","","","","","","","","","","","","206411","","","","","","","","","","","","","","","","","","","","","","","","","","","","","","","",
"El Salvador","SLV","Children out of school, primary, female","SE.PRM.UNER.FE","","","","","","","","","","","120623","","","","","","","","","","","","","118681","","","","","","","","","","","","","","","79322","","66986","61423","51896","51058","","21355","22359","23327","23585","23688","21088","18681","19236","27316","",
"San Marino","SMR","Children out of school, primary, female","SE.PRM.UNER.FE","","","","","","","","","","","","","","","","","","","","","","","","","","","","","","","","","","","","","","","","","","","","","","","","","","56","","","","","",
"Somalia","SOM","Children out of school, primary, female","SE.PRM.UNER.FE","","","","","","","","","","","","","","","","","263584","295176","338918","375973","411031","","","","","","","","","","","","","","","","","","","","","","","","","","","","","","","","","","",
"Serbia","SRB","Children out of school, primary, female","SE.PRM.UNER.FE","","","","","","","","","","","","","","","","","","","","","","","","","","","","","","","","","","","","","","","","","","","","","","","165","2458","2933","6110","8099","8397","10580","4595","",
"Sub-Saharan Africa (developing only)","SSA","Children out of school, primary, female","SE.PRM.UNER.FE","","","","","","","","","","","","","","","","","","","","","","","","","","","","","","","","22759452","23263128","23508484","23851228","24091960","25306488","24433220","24396680","24238312","23681936","23088124","22714622","21742956","21104456","20240788","19212620","18312370","17989040","18006456","18066830","17898212","18171662","","",
"South Sudan","SSD","Children out of school, primary, female","SE.PRM.UNER.FE","","","","","","","","","","","","","","","","","","","","","","","","","","","","","","","","","","","","","","","","","","","","","","","","","","","","549760","","","",
"Sub-Saharan Africa (all income levels)","SSF","Children out of school, primary, female","SE.PRM.UNER.FE","","","","","","","","","","","","","","","","","","","","","","","","","","","","","","","","22761164","23265788","23512252","23856334","24098180","25313970","24442176","24406688","24250038","23695240","23098294","22725916","21754232","21116376","20253312","19226896","18331392","18010024","18027692","18088108","17918456","18190872","","",
"Small states","SST","Children out of school, primary, female","SE.PRM.UNER.FE","","","","","","","","","","","","","","316888","298064","285719","272634","256781","263099","271611","277742","275772","271643","277767","279757","278472","289357","287147","294335","301889","321623","335389","354211","370453","364580","375373","381476","380341","381129","389825","349150","326633","316186","311995","312168","314170","300110","304331","295633","281197","270998","262691","249453","","",
"Sao Tome and Principe","STP","Children out of school, primary, female","SE.PRM.UNER.FE","","","","","","","","","","","","","","","","","","","","","","","","339","262","","","","","","","","","","","","","","","2408","","","621","379","113","","","196","52","","","","","385","",
"Suriname","SUR","Children out of school, primary, female","SE.PRM.UNER.FE","","","","","","","","","","","","","","","","","","2567","2212","","","","","","","","","","96","","","","","","","","","","","","","","","","","2844","3305","4925","3592","2836","","2217","","5890","",
"Slovak Republic","SVK","Children out of school, primary, female","SE.PRM.UNER.FE","","","","","","","","","","","","","","","","","","","","","","","","","","","","","","","","","","","","","","","","","","","","","","","","","","","","","","","",
"Slovenia","SVN","Children out of school, primary, female","SE.PRM.UNER.FE","","","","","","","","","","","","","","","","","","","","","","","","","","","","","","","","","","","","3660","2749","2488","1149","1755","1602","1919","1607","1338","547","1031","1377","1616","1377","1324","1385","1299","989","","",
"Sweden","SWE","Children out of school, primary, female","SE.PRM.UNER.FE","","","","","","","","","","","","","","","","","","","","","","","12076","","","","","5681","4515","3457","1193","362","","","","","","","","","3091","","2494","4107","11521","15807","15920","11815","5468","2628","2546","2155","2109","","",
"Swaziland","SWZ","Children out of school, primary, female","SE.PRM.UNER.FE","","","","","","","","","","","19546","20164","19893","19185","19069","18298","18397","18435","18715","18638","","16469","17078","17671","18192","17466","19218","19433","20941","21810","20937","22083","22633","25099","25215","25316","28704","","29956","31197","30017","29132","29121","28540","25252","24105","18324","14735","","","","","","","",
"Sint Maarten (Dutch part)","SXM","Children out of school, primary, female","SE.PRM.UNER.FE","","","","","","","","","","","","","","","","","","","","","","","","","","","","","","","","","","","","","","","","","","","","","","","","","","","","","","","",
"Seychelles","SYC","Children out of school, primary, female","SE.PRM.UNER.FE","","","","","","","","","","","","","","","","","","","","869","","","","","","","","","","","","","","429","147","36","67","","","","","463","228","227","","","","","","","","","","","",
"Syrian Arab Republic","SYR","Children out of school, primary, female","SE.PRM.UNER.FE","","","","","","","","","","","","255525","","211112","","","","","206483","207429","193153","191300","184573","181206","164220","148636","130707","94619","97140","93452","100509","","","","","","","95374","","","","","","","","","16384","17213","15733","16974","","","","355527","",
"Turks and Caicos Islands","TCA","Children out of school, primary, female","SE.PRM.UNER.FE","","","","","","","","","","","","","","","","","","","","","","","","","","","","","","","","","","","","","","","","","","","","268","134","199","","","","","","","","","",
"Chad","TCD","Children out of school, primary, female","SE.PRM.UNER.FE","","","","","","","","","","","","","","","","270576","","281063","","","","","","","","","","","363075","","","","","","","","","434963","421382","419577","418820","421717","417212","421093","","","","","","","","469460","","339979","",
"Togo","TGO","Children out of school, primary, female","SE.PRM.UNER.FE","","","","","","","","","","","","116592","117094","","","","","","98206","96533","97433","","108769","114086","137235","146674","161704","147961","150315","153985","152568","147465","","","172117","146914","126697","136328","","","","89497","","83073","69998","69548","","68461","59304","","","","","","",
"Thailand","THA","Children out of school, primary, female","SE.PRM.UNER.FE","","","","","","","","","","","","","","1027480","1027152","","","","","","","","","","","","","","","","","","","","","","","","","","","","","","","","204069","192303","177990","137330","","","","","",
"Tajikistan","TJK","Children out of school, primary, female","SE.PRM.UNER.FE","","","","","","","","","","","","","","","","","","","","","","","","","","","","","","","","","","","","","","","","","31820","33909","21861","18056","15555","14627","16350","17702","12845","11894","10543","11340","","","15505",
"Turkmenistan","TKM","Children out of school, primary, female","SE.PRM.UNER.FE","","","","","","","","","","","","","","","","","","","","","","","","","","","","","","","","","","","","","","","","","","","","","","","","","","","","","","","",
"Timor-Leste","TLS","Children out of school, primary, female","SE.PRM.UNER.FE","","","","","","","","","","","","","","","","","","","","","","","","","","","","","","","","","","","","","","","","","","","","","","","","","30050","23196","14587","8674","","","",
"Tonga","TON","Children out of school, primary, female","SE.PRM.UNER.FE","","","","","","","","","","","961","1006","487","","900","215","","","","","","","","478","","130","243","","","","506","","","487","","","","","445","808","","","","","","","","","","","","","","","",
"Trinidad and Tobago","TTO","Children out of school, primary, female","SE.PRM.UNER.FE","","","","","","","","","","","","6397","7256","7843","7855","6665","3219","3116","4266","7947","10760","6182","5764","4968","6237","5954","7531","6190","5489","7218","7924","10348","11003","11746","","","10620","10084","","1390","1046","1437","3271","2871","2199","4082","","2351","1420","2046","1018","","","","",
"Tunisia","TUN","Children out of school, primary, female","SE.PRM.UNER.FE","","","","","","","","","","","","150636","","","","184778","","","170011","156951","142678","126513","107188","","","","","","78533","77120","78876","69629","63691","52010","44211","32794","31018","30904","","30301","29012","23771","12003","9701","8202","14179","5969","6482","2257","","","","","","",
"Turkey","TUR","Children out of school, primary, female","SE.PRM.UNER.FE","","","","","","","","","","","","","","","587586","","","","","","","","","","","","","","","","","","","","401391","413104","","401318","","312573","","","","","","","","","","139524","113379","139953","172210","","",
"Tuvalu","TUV","Children out of school, primary, female","SE.PRM.UNER.FE","","","","","","","","","","","","","","","","","","","","","","","","","","","","","","","","","","","","","","","","","","","","","","","","","","","","","","96","",
"Tanzania","TZA","Children out of school, primary, female","SE.PRM.UNER.FE","","","","","","","","","","","","","","","","","","","","","","580437","675768","710594","","879357","935937","1007415","1081736","1120479","1171428","1228945","1270939","1329193","1398329","1441982","1480468","1503996","1550075","1565687","1482523","1377391","923687","662560","515597","364133","161344","","91636","","311400","","487889","640489","",
"Uganda","UGA","Children out of school, primary, female","SE.PRM.UNER.FE","","","","","","","","","","","","","","","","","","","","808694","","810922","797471","","","","701520","","","","","","","","","","","","","","","","","","","","","","","255147","373552","285052","","275866","",
"Ukraine","UKR","Children out of school, primary, female","SE.PRM.UNER.FE","","","","","","","","","","","","","","","","","","","","","","","","","","","","","","","","","","","","","","","","","","","44374","102062","96204","85715","89613","87409","81187","70136","40726","13435","5288","9774","",
"Upper middle income","UMC","Children out of school, primary, female","SE.PRM.UNER.FE","","","","","","","","","","","","","","","","","","","","","","","","","","","16021059","11775950","9596172","10562148","8932214","9800695","10902748","11906483","12863619","13592539","13936946","13878734","10542015","7340667","6699458","5921794","5010269","4513947","4418230","4558169","4721594","4071281","3892134","3747336","3802401","3909148","4168492","","",
"Uruguay","URY","Children out of school, primary, female","SE.PRM.UNER.FE","","","","","","","","","","","","","","","","","","","","","","","","","22218","","","","","","","11478","8652","7531","10109","10913","11568","11600","","","","","","","","3964","","2877","1505","1364","","","","","",
"United States","USA","Children out of school, primary, female","SE.PRM.UNER.FE","","","","","","","","","","","","","","","","","","","","","","","","","","","668733","510367","","","266932","311049","","555971","563665","442142","493433","","","392825","402846","301354","529297","610633","735077","628202","470106","393414","389870","491129","724715","780465","885086","","",
"Uzbekistan","UZB","Children out of school, primary, female","SE.PRM.UNER.FE","","","","","","","","","","","","","","","","","","","","","","","","","","","","","","","","","","","","","","","","","","","","","","","","94592","107316","112808","105370","100795","","","",
"St. Vincent and the Grenadines","VCT","Children out of school, primary, female","SE.PRM.UNER.FE","","","","","","","","","","","","","","","","","","","","","","","","","629","","282","","","","","","","","","","","","","","","","","","","225","","","","","","217","","308","",
"Venezuela, RB","VEN","Children out of school, primary, female","SE.PRM.UNER.FE","","","","","","","","","","","","","","","","","","","","","","","","","","","","","","","","","","","","","","","","210034","165549","119970","72080","93601","90873","110164","102846","90358","122996","95697","84782","87276","112619","125628","",
"Virgin Islands (U.S.)","VIR","Children out of school, primary, female","SE.PRM.UNER.FE","","","","","","","","","","","","","","","","","","","","","","","","","","","","","","","","","","","","","","","","","","","","","","","","","","","","","","","",
"Vietnam","VNM","Children out of school, primary, female","SE.PRM.UNER.FE","","","","","","","","","","","","","","","","","","","","","","","","","","","","","","","","","","","","","","","","","","","","","","","","","","","","","","","",
"Vanuatu","VUT","Children out of school, primary, female","SE.PRM.UNER.FE","","","","","","","","","","","","","","","","","","","","","","1529","","","","","","","","3017","","","","","","","","","","425","","","","","411","","","","","","","","","","",
"West Bank and Gaza","PSE","Children out of school, primary, female","SE.PRM.UNER.FE","","","","","","","","","","","","","","","","","","","","","","","","","","","","","","","","","","","","","","","","11717","14936","21324","24230","26584","30829","36265","33707","33706","29774","26722","25799","22862","16649","13028","",
"World","WLD","Children out of school, primary, female","SE.PRM.UNER.FE","","","","","","","","","","","","","","","","","","","","","","","","","","74842048","70296096","68223360","65456816","65386788","64689152","65236880","67028632","67178136","66995996","68750872","69553456","68957208","66294416","61798024","58162608","55439620","52978752","45412464","43361424","41633168","38434432","33831412","31981972","30830172","30171648","30040024","30548716","","",
"Samoa","WSM","Children out of school, primary, female","SE.PRM.UNER.FE","","","","","","","","","","","","","","","","","","","","","","","","","","","","","","","","","","","630","","","","71","929","967","470","","","","","","","","","391","523","354","","",
"Yemen, Rep.","YEM","Children out of school, primary, female","SE.PRM.UNER.FE","","","","","","","","","","","","","","","","","","","","","","","","","","","","","","","","","","","","","","","","892486","","","","696476","647726","593703","","","547105","","469056","","387186","355433","",
"South Africa","ZAF","Children out of school, primary, female","SE.PRM.UNER.FE","","","","","","","","","","","673572","","","","","","","","","","","","","","","","","","","","","293388","","","181911","150054","","","117991","88260","184738","172992","168608","161280","165958","182041","","","","","","","","","",
"Congo, Dem. Rep.","COD","Children out of school, primary, female","SE.PRM.UNER.FE","","","","","","","","","","","","731655","768740","","","764054","","","","813743","","","","814957","808606","","","","1134174","","","1333850","1424992","1514099","1577035","1527502","","","","2469740","","","","","","","","","","","","","","","",
"Zambia","ZMB","Children out of school, primary, female","SE.PRM.UNER.FE","","","","","","","","","","","","","104928","","","","113000","117677","126257","130623","132737","134146","137618","131826","129435","","125385","","142679","","","","","","201537","218934","","","257994","278440","280623","286174","266112","","141288","48564","51294","60693","","90712","129060","79451","51122","93001","",
"Zimbabwe","ZWE","Children out of school, primary, female","SE.PRM.UNER.FE","","","","","","","","","","","","","","","","","","","","","","","","","","","","","","","","","","","","","","","207884","183071","173037","143304","181991","189926","","","","","","","","","57841","","",
